Teh Tarik,Ice Tea,Hot Robusta,Kebab
Lemon Tea,Ice Tea,Ice Cappucino,Ice Coffee Latte,Hot Arabica,Donat,French Fries
Ice Tea,Ice Choco Late,French Fries
Ice Tea,Ice Cappucino,Ice Coffee Latte,Blue Ocean
Teh Tarik,Ice Tea,Ice Coffee Latte,Hot Arabica,French Fries
Ice Tea,Ice Cappucino,Hot Arabica,Pisang Coklat Keju,French Fries
Matcha Tea,Teh Tarik,Ice Tea,Ice Choco Oreo,Singkong Keju,Tahu Crispy,French Fries
Lemon Tea,Ice Tea,Ice Choco Delight,Pisang Coklat Keju,Jamur Crispy
Ice Arabica,Ice Cappucino,Ice Choco Late
Majito Viro,Hot Choco Latte,Donat,Onion Ring
Milky Way,Hot Cappucino,Jamur Crispy
Ice Coffee Latte,Majito Viro,Hot Espresso Double Shoot,Singkong Keju,Jamur Crispy
Ice Cappucino,Dreamland,French Fries
Majito Viro,Hot Cappucino,Pisang Coklat Keju
Ice Tea,Ice Arabica
Ice Tea,Ice Choco Oreo,French Fries
Ice Choco Delight,Blue Ocean,Hot Vietnam Drip,French Fries
Ice Tea,Dreamland,Sausage Omelette
Teh Tarik,Ice Tea,Ice Coffee Latte,Ice Choco Delight
Thai Tea,Ice Cappucino,Hot Robusta,Kebab,French Fries,Spaghetti
Ice Tea,Ice Cappucino,Jamur Crispy,Empek-empek
Ice Tea,Hot Espresso Single Shoot,Hot Choco Latte,Donat,French Fries
Teh Tarik,Ice Tea,Ice Choco Late,Donat
Matcha Tea,Hot Choco Latte,Kebab
Matcha Tea,Ice Tea,Ice Choco Oreo,Kebab,French Fries
Ice Choco Oreo,Hot Cappucino,Tahu Crispy,Onion Ring
Matcha Tea,Ice Tea,Ice Choco Late,Milky Way,Hot Arabica,Hot Coffee Latte,Donat,Jamur Crispy,
Thai Tea,Teh Tarik,Ice Tea,Kebab,Onion Ring,Sausage Omelette
Ice Tea,Ice Cappucino,Hot Espresso Double Shoot,Pisang Coklat Keju,French Fries,Sausage Omelette
Lemon Tea,Ice Tea,Hot Espresso Double Shoot
Ice Choco Delight
Ice Tea,Majito Viro,Hot Arabica,Rujak Cireng
Lemon Tea,Ice Tea,Ice Robusta,Hot Cappucino,Empek-empek Lengkap
Ice Tea,Blue Ocean,French Fries
Ice Coffee Latte,Ice Choco Oreo,Ice Choco Late,Milky Way,French Fries
Ice Tea,Hot Espresso Double Shoot,Kebab
Teh Tarik,Ice Tea,Ice Cappucino
Teh Tarik,Ice Tea,Ice Choco Late,Kebab
Ice Tea,French Fries
Ice Tea,Ice Choco Delight,Tahu Crispy
Ice Coffee Latte
Teh Tarik,Ice Tea,Hot Coffee Latte,Hot Choco Latte,Kebab
Teh Tarik,Ice Tea,Ice Arabica,Kebab,Pisang Coklat Keju,French Fries
Ice Tea,Hot Arabica,Hot Espresso Single Shoot,Hot Choco Latte,Empek-empek Lengkap
Teh Tarik,Ice Tea,Ice Arabica,Hot Arabica,Hot Coffee Latte,Pisang Coklat Keju,Jamur Crispy,French Fries,
Ice Tea,Majito Viro,Hot Espresso Double Shoot,Hot Kopi Susu G. Aren
Matcha Tea,Lemon Tea,Ice Tea,Ice Cappucino,Hot Kopi Susu G. Aren,Pisang Coklat Keju
Ice Tea,Ice Cappucino,Hot Espresso Single Shoot
Ice Cappucino,Ice Choco Late,Sausage Omelette
Teh Tarik,Ice Tea,Jamur Crispy,French Fries
Ice Tea,Ice Choco Late,Hot Vietnam Drip,Donat,French Fries
Ice Tea,Hot Kopi Susu G. Aren,Hot Cappucino
Thai Tea,French Fries
Thai Tea,Ice Tea,Hot Espresso Double Shoot,Kebab,Pisang Coklat Keju,Jamur Crispy
Hot Cappucino,French Fries
Ice Tea,Ice Choco Delight,Pisang Coklat Keju,French Fries
Lemon Tea,Ice Coffee Latte,Ice Choco Oreo
Matcha Tea,Ice Tea,Ice Robusta,Majito Viro,Hot Robusta,Donat,Pisang Coklat Keju,French Fries,
Ice Tea,Ice Arabica,Rujak Cireng,French Fries
Ice Cappucino,Dreamland,Hot Kopi Susu G. Aren,Hot Vietnam Drip
Teh Tarik,Lemon Tea,Ice Tea,Hot Espresso Single Shoot,Hot Choco Latte,Jamur Crispy
Ice Tea,Ice Coffee Latte,Hot Coffee Latte,Tahu Crispy
Teh Tarik,Ice Tea,Majito Viro,Hot Robusta,Donat,Kebab,Onion Ring
Lemon Tea,Ice Cappucino,Donat,French Fries
Ice Choco Late
Matcha Tea,Teh Tarik,Ice Robusta,Ice Coffee Latte,Ice Choco Oreo,Hot Choco Latte,French Fries
Teh Tarik,Ice Cappucino,Kebab,Jamur Crispy
Majito Viro,French Fries
Matcha Tea,Teh Tarik,Ice Tea,French Fries
Thai Tea,Lemon Tea,Ice Tea,Hot Robusta
Ice Arabica,Ice Coffee Latte,Pisang Coklat Keju,French Fries
Ice Tea,French Fries
Ice Tea,Ice Cappucino,Ice Coffee Latte,French Fries
Lemon Tea,Majito Viro,Hot Kopi Susu G. Aren,French Fries
Lemon Tea,Ice Tea,Ice Arabica,Hot Espresso Double Shoot,French Fries,Sausage Omelette
Ice Coffee Latte
Lemon Tea,Ice Tea,Ice Coffee Latte,Ice Choco Delight,French Fries
Teh Tarik,Ice Tea,Ice Robusta,French Fries
Ice Tea,Ice Choco Late,Hot Espresso Single Shoot,Hot Cappucino,Donat,French Fries
Matcha Tea,Ice Tea,Ice Arabica,Ice Choco Oreo,Hot Vietnam Drip,Donat
Ice Choco Oreo
Ice Tea,Ice Choco Oreo,Ice Choco Delight,Hot Choco Latte,Donat
Ice Choco Oreo,Hot Kopi Susu G. Aren,Hot Vietnam Drip,Donat
Ice Tea,Ice Coffee Latte,Blue Ocean,Donat
Ice Tea,Hot Espresso Double Shoot,French Fries
Ice Robusta,Ice Choco Oreo,Donat,Tahu Crispy
Matcha Tea,Ice Tea,Ice Coffee Latte,Empek-empek Lengkap
Milky Way,Hot Robusta,Sausage Omelette
Teh Tarik,Empek-empek Lengkap
Ice Tea,Milky Way,Blue Ocean,Hot Robusta,Rujak Cireng,Tahu Crispy
Matcha Tea,Lemon Tea,Singkong Keju,French Fries
Thai Tea,Ice Tea,Ice Coffee Latte,Hot Cappucino,French Fries
Ice Tea,French Fries
Hot Robusta,Hot Choco Latte,French Fries,Sausage Omelette
Lemon Tea,Ice Choco Delight,Hot Robusta
Ice Tea,French Fries
Teh Tarik,Ice Tea,Hot Kopi Susu G. Aren,Rujak Cireng
Lemon Tea,Ice Choco Late,Hot Coffee Latte,Singkong Keju,Tahu Crispy,Empek-empek
Ice Cappucino,Ice Choco Oreo,Hot Espresso Single Shoot,Jamur Crispy,Onion Ring
Hot Arabica,Tahu Crispy
Ice Vietnam Drip,Ice Choco Delight,Ice Choco Late,Donat,Kebab
Teh Tarik,Ice Choco Oreo
Ice Coffee Latte,Ice Choco Late,Hot Vietnam Drip,Tahu Crispy
Teh Tarik,Ice Choco Delight,Jamur Crispy
Matcha Tea,Teh Tarik,Ice Tea
Lemon Tea,Ice Choco Oreo,Ice Choco Delight
Matcha Tea,Lemon Tea,Ice Tea,Ice Coffee Latte
Ice Cappucino,Ice Coffee Latte,French Fries
Teh Tarik,Ice Coffee Latte,Tahu Crispy,French Fries
Ice Tea,Ice Cappucino,Ice Coffee Latte,Ice Choco Delight,Singkong Keju,Jamur Crispy,French Fries
Ice Coffee Latte,Hot Vietnam Drip,Tahu Crispy,Onion Ring
Ice Tea,Ice Vietnam Drip,Ice Choco Late,French Fries
Ice Robusta,Ice Coffee Latte,Pisang Coklat Keju,French Fries
Ice Robusta,Hot Choco Latte,Tahu Crispy,French Fries
Lemon Tea,Majito Viro,Donat,French Fries
Thai Tea,Lemon Tea,Ice Coffee Latte,Ice Choco Delight,Blue Ocean,Donat
Ice Tea,Hot Cappucino,Donat
Ice Vietnam Drip,Ice Choco Delight,Ice Choco Late,Tahu Crispy
Ice Choco Oreo,French Fries
Ice Robusta,Ice Coffee Latte,Ice Choco Late,Hot Arabica,Onion Ring
Ice Tea,Hot Espresso Single Shoot,Hot Coffee Latte,Donat,French Fries,Spaghetti
Ice Choco Oreo,Milky Way,French Fries
Ice Tea,Spaghetti
Hot Robusta,Hot Vietnam Drip,Hot Choco Latte,French Fries
Teh Tarik,Lemon Tea,Ice Tea,French Fries
Teh Tarik,Ice Choco Delight,Ice Choco Late,Jamur Crispy,French Fries,Empek-empek
Ice Choco Oreo,Blue Ocean,Majito Viro,French Fries
Ice Choco Delight,Hot Arabica,French Fries
Ice Tea
Ice Vietnam Drip,Ice Choco Delight,Hot Cappucino
Teh Tarik,Ice Cappucino,Ice Choco Late,French Fries
Teh Tarik,Ice Tea,Ice Choco Oreo,French Fries
Ice Tea,Hot Cappucino
Lemon Tea,Hot Espresso Double Shoot,Rujak Cireng,Jamur Crispy
Ice Choco Oreo,Donat
Teh Tarik,Ice Tea,Ice Arabica,Ice Choco Late,French Fries
Teh Tarik,Lemon Tea,Ice Arabica,Ice Choco Delight,Donat,Jamur Crispy
Teh Tarik,Ice Tea,Ice Cappucino,Ice Choco Oreo,Hot Choco Latte
Lemon Tea,Ice Tea,Ice Cappucino,Ice Choco Oreo,Hot Espresso Single Shoot
Blue Ocean,Hot Robusta,Donat,French Fries
Lemon Tea,Ice Tea,Rujak Cireng
Ice Tea,Ice Robusta,Ice Cappucino,Ice Choco Oreo,Jamur Crispy,French Fries
Ice Tea,Ice Cappucino,Ice Choco Delight,Jamur Crispy,Sausage Omelette
Teh Tarik,Ice Tea,Ice Choco Oreo,Ice Choco Delight,Hot Cappucino
Teh Tarik,Ice Tea,Pisang Coklat Keju,Spaghetti
Ice Tea,Hot Espresso Double Shoot
Hot Arabica
Ice Tea,Ice Cappucino,Onion Ring,French Fries
Teh Tarik,Ice Tea,Hot Espresso Double Shoot,Hot Vietnam Drip
Ice Robusta,Ice Choco Delight,Majito Viro,Jamur Crispy
Matcha Tea,Ice Cappucino,Ice Choco Delight,Tahu Crispy,French Fries
Milky Way,Pisang Coklat Keju
Majito Viro,Hot Vietnam Drip,French Fries,Empek-empek
Ice Tea,Ice Choco Oreo,Ice Choco Late,Blue Ocean,Donat,Rujak Cireng,French Fries
Lemon Tea
Matcha Tea,Ice Tea,Ice Cappucino,Ice Choco Late,Donat,French Fries
Lemon Tea,Hot Espresso Single Shoot,Hot Choco Latte,French Fries
Lemon Tea,Ice Tea,Ice Arabica,Ice Choco Oreo,French Fries
Ice Tea,Hot Choco Latte,Onion Ring,Spaghetti
Ice Tea,Ice Cappucino,Tahu Crispy
Ice Cappucino,Ice Coffee Latte,Hot Kopi Susu G. Aren,Onion Ring
Dreamland,Kebab
Thai Tea,Ice Tea,Ice Arabica,Hot Robusta,Donat,French Fries,Spaghetti
Ice Robusta,Ice Coffee Latte,Ice Choco Late
Lemon Tea,Ice Choco Delight,Hot Coffee Latte,Kebab,Rujak Cireng
Matcha Tea,Ice Choco Delight,Blue Ocean,Hot Choco Latte,Kebab,French Fries
Lemon Tea,Ice Tea,Blue Ocean,Majito Viro,Hot Cappucino,Pisang Coklat Keju
Ice Cappucino,French Fries
Ice Robusta,Ice Choco Oreo,Milky Way,Hot Espresso Single Shoot,Donat
Ice Tea,Ice Coffee Latte,Singkong Keju,French Fries
Ice Tea,Ice Arabica,Pisang Coklat Keju,French Fries
Ice Cappucino,Ice Choco Late,Hot Robusta,Donat,French Fries
Ice Cappucino,Hot Robusta,Tahu Crispy
Ice Robusta,Ice Arabica,Hot Vietnam Drip
Lemon Tea,Ice Robusta,Ice Choco Oreo,Jamur Crispy,Spaghetti
Ice Choco Delight,Hot Arabica,Hot Cappucino,Kebab,French Fries,Spaghetti
Ice Tea,Milky Way,Donat,French Fries
Thai Tea,Ice Tea,Pisang Coklat Keju,French Fries
Ice Arabica,Ice Choco Late,Majito Viro,Hot Robusta,French Fries,Sausage Omelette
Hot Robusta,Hot Arabica
Lemon Tea,Ice Cappucino,Hot Vietnam Drip,Pisang Coklat Keju,Tahu Crispy,French Fries
Lemon Tea,Ice Tea,Ice Choco Late,Milky Way
Ice Tea,Ice Arabica,Milky Way,Hot Robusta,Singkong Keju,French Fries
Hot Espresso Double Shoot
Ice Robusta,Majito Viro,French Fries,Spaghetti
Ice Tea,Hot Choco Latte,Kebab,French Fries
Ice Tea,Majito Viro,Tahu Crispy,French Fries
Ice Tea,Blue Ocean,Majito Viro
Ice Arabica,Ice Cappucino,Ice Choco Oreo,Ice Choco Delight,Tahu Crispy
Matcha Tea,Teh Tarik,Ice Tea,Ice Arabica,Hot Robusta,Singkong Keju,French Fries
Ice Tea,Ice Cappucino,Blue Ocean,Jamur Crispy
Milky Way,Hot Espresso Double Shoot,Hot Coffee Latte,Rujak Cireng,Sausage Omelette
Ice Tea,Ice Coffee Latte,Ice Choco Late,Tahu Crispy
Teh Tarik,Ice Robusta,Ice Arabica,Ice Coffee Latte,Hot Espresso Double Shoot
Ice Tea,Ice Choco Delight,Tahu Crispy,Sausage Omelette
Ice Choco Oreo,Ice Choco Delight,Majito Viro,Jamur Crispy,French Fries
Ice Tea,Hot Cappucino
Ice Tea,Ice Choco Delight,Hot Espresso Double Shoot,French Fries,Spaghetti
Ice Tea,Onion Ring
Thai Tea,Ice Tea,Ice Choco Oreo,Ice Choco Delight,Ice Choco Late,Donat
Ice Tea,Ice Cappucino,Ice Coffee Latte,Kebab
Ice Tea,Ice Choco Late,Milky Way
Lemon Tea,Ice Tea,Ice Cappucino,Ice Choco Late,Donat,Empek-empek
Ice Cappucino,Ice Choco Late,Hot Robusta,Jamur Crispy
Ice Tea,Hot Kopi Susu G. Aren,Onion Ring,French Fries
Thai Tea,Lemon Tea
Ice Cappucino,Ice Choco Delight,Sausage Omelette
Ice Choco Late,Blue Ocean
Ice Tea,Ice Robusta,Hot Espresso Single Shoot,Kebab,Jamur Crispy
Teh Tarik,Ice Tea,Ice Choco Oreo,Ice Choco Delight
Lemon Tea,Ice Cappucino,Ice Choco Oreo,Ice Choco Delight,Donat,Jamur Crispy,Onion Ring
Matcha Tea,Ice Tea,Ice Coffee Latte,French Fries
Matcha Tea,Teh Tarik,Pisang Coklat Keju
Ice Tea,Ice Arabica,Ice Choco Late
Teh Tarik,Ice Coffee Latte,Ice Choco Oreo,Hot Coffee Latte,French Fries
Ice Tea,Tahu Crispy
Ice Tea,Ice Choco Delight,Hot Espresso Double Shoot,Hot Kopi Susu G. Aren,Donat
Ice Tea,Ice Choco Delight,Hot Robusta,French Fries
Ice Vietnam Drip
Lemon Tea,Ice Arabica,Ice Cappucino,Ice Choco Oreo,Kebab,Jamur Crispy
Teh Tarik,Ice Vietnam Drip,Donat,French Fries
Ice Cappucino,Ice Choco Oreo,Hot Arabica,Donat,Tahu Crispy
Ice Choco Delight,Ice Choco Late,French Fries
Lemon Tea,Ice Tea,Majito Viro,French Fries
Ice Choco Oreo,Ice Choco Late,Hot Kopi Susu G. Aren,Jamur Crispy,French Fries
Ice Tea,Ice Coffee Latte,Hot Coffee Latte
Hot Espresso Single Shoot
Ice Tea,Ice Robusta,French Fries
Teh Tarik,Ice Robusta,Ice Coffee Latte,Majito Viro,French Fries,Empek-empek
Thai Tea,Lemon Tea,Ice Choco Delight,Ice Choco Late
Ice Tea,Blue Ocean,Singkong Keju
Ice Tea,French Fries
Hot Kopi Susu G. Aren,Hot Cappucino
Lemon Tea,Ice Tea,Majito Viro,French Fries
Ice Choco Late
Ice Tea,Ice Robusta,Ice Cappucino,Spaghetti
Lemon Tea,Ice Tea,Kebab,Empek-empek Lengkap
Teh Tarik,Majito Viro,Pisang Coklat Keju,French Fries
Ice Arabica,Ice Cappucino,Ice Choco Delight,Donat,French Fries
Lemon Tea,Ice Tea,Hot Arabica,Hot Espresso Single Shoot
Ice Choco Oreo,Hot Robusta,Hot Vietnam Drip,Hot Coffee Latte,Spaghetti
Matcha Tea,Ice Cappucino,Ice Choco Late,Singkong Keju
Matcha Tea,Ice Tea,Ice Choco Oreo,Ice Choco Late,Dreamland,Rujak Cireng,French Fries
Teh Tarik,Ice Vietnam Drip,Ice Choco Delight,Hot Coffee Latte,Kebab,Jamur Crispy,French Fries
Ice Tea,Ice Cappucino,Hot Kopi Susu G. Aren,Donat,Tahu Crispy,French Fries
Ice Tea,Ice Robusta,Ice Cappucino
Ice Tea,Singkong Keju
Ice Tea,Ice Arabica,Ice Coffee Latte,French Fries
Hot Kopi Susu G. Aren,Rujak Cireng
Ice Tea,Ice Choco Late,Blue Ocean,Tahu Crispy,Spaghetti
Thai Tea,Ice Tea,Ice Arabica,Ice Choco Late
Lemon Tea,Ice Tea,Hot Vietnam Drip
Teh Tarik,Ice Tea,Ice Choco Delight,Donat,French Fries
Ice Cappucino,Ice Choco Delight,Rujak Cireng,Tahu Crispy
Ice Tea,Majito Viro,Hot Espresso Double Shoot,Rujak Cireng,Tahu Crispy,French Fries
Ice Tea,Blue Ocean,Hot Robusta,Hot Espresso Single Shoot,Hot Coffee Latte,Tahu Crispy,French Fries
Lemon Tea,Ice Coffee Latte,Blue Ocean,Spaghetti,Sausage Omelette
Ice Tea,Ice Robusta,Ice Choco Delight,Donat,Kebab
Thai Tea,Teh Tarik,Ice Tea,Ice Robusta,Ice Choco Delight,Majito Viro,Spaghetti
Ice Tea,Ice Coffee Latte,Hot Arabica,Pisang Coklat Keju,French Fries
Lemon Tea,Ice Cappucino,Ice Choco Late,Hot Arabica,Kebab
Ice Coffee Latte,Ice Choco Delight,Hot Cappucino,Hot Choco Latte,French Fries
Ice Tea,Ice Coffee Latte,Dreamland,Hot Arabica,Hot Vietnam Drip,Donat
Ice Tea,Ice Cappucino,Dreamland,Hot Espresso Single Shoot,Hot Cappucino,Onion Ring
Lemon Tea,Ice Tea,Ice Cappucino,Blue Ocean,Onion Ring
Ice Tea,Ice Vietnam Drip,Ice Coffee Latte,Hot Espresso Double Shoot,Singkong Keju
Ice Tea,Ice Robusta,Ice Coffee Latte,Ice Choco Oreo,French Fries
Ice Tea,Blue Ocean,Hot Choco Latte,Tahu Crispy,French Fries
Ice Arabica,Ice Cappucino,Ice Choco Delight,Tahu Crispy
Ice Tea,Hot Arabica,Kebab
Ice Choco Delight,Hot Robusta,Pisang Coklat Keju
Ice Cappucino,Ice Choco Late,Hot Cappucino,Sausage Omelette
Ice Choco Late,Hot Vietnam Drip,French Fries
Hot Espresso Double Shoot,French Fries
Ice Cappucino,Empek-empek Lengkap
Ice Choco Delight,Ice Choco Late,Hot Arabica,Kebab,French Fries
Ice Vietnam Drip,Ice Coffee Latte,Ice Choco Delight
Teh Tarik,Ice Tea,Ice Robusta,Ice Vietnam Drip,Blue Ocean,Hot Robusta,Onion Ring,French Fries,
Hot Vietnam Drip
Ice Tea,Ice Cappucino
Ice Tea,Ice Cappucino,Ice Choco Late,Hot Vietnam Drip,Donat,Onion Ring,French Fries
Ice Tea,Ice Choco Late,Pisang Coklat Keju,Tahu Crispy
Lemon Tea
Ice Tea,Ice Cappucino,Blue Ocean
Lemon Tea,Tahu Crispy
Ice Vietnam Drip,Ice Cappucino
Ice Tea,Ice Coffee Latte,Hot Cappucino,French Fries
Ice Cappucino,Ice Coffee Latte,Blue Ocean,Singkong Keju,French Fries
Teh Tarik,Ice Tea,Ice Choco Late,Pisang Coklat Keju,Tahu Crispy
Ice Tea,Ice Choco Oreo,Hot Arabica
Ice Choco Oreo,Ice Choco Delight,Ice Choco Late,Milky Way,Hot Espresso Single Shoot,Donat,French Fries
Teh Tarik,Ice Tea,Blue Ocean,Jamur Crispy,Spaghetti
Ice Tea,Ice Coffee Latte,Ice Choco Late,French Fries
Matcha Tea,Ice Choco Late,Hot Espresso Double Shoot,Kebab,Pisang Coklat Keju,French Fries
Thai Tea,Ice Tea,Ice Coffee Latte,Hot Espresso Single Shoot
Hot Espresso Double Shoot,Hot Vietnam Drip,Hot Choco Latte,Donat,French Fries
Lemon Tea,Ice Coffee Latte,Ice Choco Oreo,Ice Choco Delight,Sausage Omelette
Ice Coffee Latte,Hot Espresso Single Shoot,Hot Coffee Latte
Ice Tea,Ice Arabica,Ice Cappucino,Rujak Cireng,Jamur Crispy,French Fries
Ice Tea,Ice Cappucino,Ice Choco Late,Hot Choco Latte,Jamur Crispy
Ice Tea,Ice Cappucino,Dreamland,Hot Robusta,Hot Arabica,French Fries
Teh Tarik,Ice Tea,Ice Coffee Latte,Ice Choco Oreo,Spaghetti
Ice Tea,Ice Robusta,Ice Cappucino,Jamur Crispy
Ice Choco Late,Hot Espresso Double Shoot,French Fries
Ice Tea,Ice Choco Oreo,Ice Choco Delight,Hot Espresso Single Shoot,Donat,French Fries
Lemon Tea,Ice Tea,Ice Cappucino,Donat,Kebab
Thai Tea,Ice Tea,Ice Choco Late,Majito Viro,Hot Arabica,Kebab
Lemon Tea,Ice Choco Oreo,French Fries
Lemon Tea,Blue Ocean,Hot Espresso Single Shoot,Pisang Coklat Keju,French Fries
Ice Tea,Ice Choco Late,Kebab
Ice Cappucino,Ice Coffee Latte,Onion Ring
Matcha Tea,Ice Choco Oreo,Blue Ocean,Hot Coffee Latte,French Fries
Hot Kopi Susu G. Aren,Hot Choco Latte,Kebab,Tahu Crispy
Matcha Tea,Lemon Tea,Ice Tea,Tahu Crispy,Spaghetti
Lemon Tea,Ice Tea,Hot Robusta,Hot Arabica,Onion Ring
Teh Tarik,Hot Espresso Single Shoot,French Fries
Ice Tea,Ice Choco Oreo,Singkong Keju,French Fries
Ice Arabica,Ice Choco Late,Hot Espresso Single Shoot,Pisang Coklat Keju
Ice Tea,Ice Arabica,Ice Cappucino,Pisang Coklat Keju,French Fries
Ice Tea,Ice Cappucino,Ice Choco Late,Spaghetti
Ice Tea,Ice Robusta,Hot Vietnam Drip,Hot Coffee Latte,Rujak Cireng,Jamur Crispy,French Fries
Lemon Tea,Majito Viro,Donat,French Fries
Ice Tea,Ice Arabica,Majito Viro,Donat,French Fries,Empek-empek
Ice Coffee Latte,Blue Ocean,Hot Espresso Single Shoot,Hot Kopi Susu G. Aren
Matcha Tea,Ice Tea,Ice Choco Oreo,Donat,Pisang Coklat Keju,French Fries
Ice Cappucino,Majito Viro,Hot Choco Latte,Sausage Omelette
Thai Tea,Ice Tea,Onion Ring
Ice Tea,Ice Choco Late,Blue Ocean,Hot Espresso Single Shoot,Hot Espresso Double Shoot
Ice Tea,Ice Choco Delight,French Fries
Ice Coffee Latte,Ice Choco Late,Tahu Crispy,French Fries
Ice Tea,Ice Choco Oreo,Hot Choco Latte,Donat,Pisang Coklat Keju
Teh Tarik,Lemon Tea,Ice Cappucino,Hot Espresso Single Shoot,Jamur Crispy
Matcha Tea,Ice Robusta,Pisang Coklat Keju
Matcha Tea,Lemon Tea,Ice Tea,Ice Cappucino,Ice Coffee Latte,Hot Robusta,Jamur Crispy
Teh Tarik,Ice Arabica,Hot Cappucino,Hot Choco Latte,Singkong Keju,French Fries
Ice Tea,Ice Arabica,Hot Espresso Double Shoot,Kebab
Teh Tarik,Ice Choco Late,Milky Way,Hot Espresso Single Shoot,Hot Vietnam Drip,French Fries
Lemon Tea,Ice Tea,Hot Robusta,French Fries
Ice Tea,Hot Espresso Double Shoot,Hot Choco Latte,Sausage Omelette,Empek-empek
Ice Cappucino,Hot Choco Latte,Pisang Coklat Keju,Sausage Omelette
Lemon Tea,Empek-empek
Ice Tea,Ice Choco Delight,Hot Arabica
Ice Tea,Ice Coffee Latte,Singkong Keju,Jamur Crispy
Teh Tarik,Ice Choco Late,Majito Viro,Hot Kopi Susu G. Aren,French Fries,Empek-empek Lengkap
Ice Tea,Hot Cappucino,Donat,Pisang Coklat Keju
Ice Tea,Blue Ocean,Jamur Crispy,French Fries
Teh Tarik,Ice Tea
Ice Tea,Hot Robusta,Hot Vietnam Drip,Jamur Crispy
Ice Choco Oreo,Hot Cappucino,French Fries
Ice Tea,Ice Coffee Latte
Ice Tea,Ice Cappucino,Ice Choco Delight,Milky Way,Hot Choco Latte,French Fries
Ice Robusta,Dreamland,Hot Espresso Double Shoot,Hot Choco Latte,French Fries
Lemon Tea,Ice Choco Oreo,Hot Robusta,Hot Choco Latte,French Fries
Ice Tea,Ice Choco Late,French Fries
Ice Choco Oreo,French Fries
Milky Way,Hot Espresso Single Shoot,Jamur Crispy
Ice Tea,Ice Cappucino,Hot Espresso Double Shoot,Onion Ring,Sausage Omelette
Lemon Tea,Ice Cappucino,Ice Choco Oreo,Hot Espresso Double Shoot,Tahu Crispy,French Fries
Lemon Tea,Ice Tea,Hot Cappucino,Hot Coffee Latte
Lemon Tea,Ice Tea,Ice Choco Oreo,Hot Arabica,Jamur Crispy,French Fries
Ice Tea,Hot Coffee Latte,Donat,Jamur Crispy
Ice Tea,Ice Choco Delight,Hot Espresso Single Shoot,Singkong Keju
Lemon Tea,Ice Tea,Ice Arabica,Kebab,French Fries,Sausage Omelette
Teh Tarik,Ice Robusta,French Fries
Matcha Tea,Ice Tea,Ice Robusta,Hot Arabica,Tahu Crispy
Thai Tea,Lemon Tea,Ice Tea,Ice Choco Oreo,Blue Ocean,French Fries
Ice Tea,Ice Choco Oreo,Milky Way,Tahu Crispy,French Fries,Spaghetti
Ice Tea,Ice Choco Delight,Kebab,Empek-empek
Ice Tea,Hot Arabica,Jamur Crispy
Ice Tea,Ice Choco Oreo,Hot Vietnam Drip,Hot Cappucino,French Fries
Ice Coffee Latte,Hot Robusta,Hot Espresso Double Shoot,Jamur Crispy,Tahu Crispy
Teh Tarik,Ice Tea,Hot Cappucino
Ice Tea,Hot Espresso Single Shoot,Hot Kopi Susu G. Aren,Kebab,Jamur Crispy
Lemon Tea,Ice Arabica,Hot Cappucino,French Fries
Ice Tea,Milky Way,Hot Arabica,French Fries
Ice Tea,Ice Choco Late,Jamur Crispy,French Fries
Ice Tea,Ice Coffee Latte,Blue Ocean,Hot Cappucino,Donat,Tahu Crispy
Lemon Tea,Ice Cappucino,Ice Choco Oreo,Tahu Crispy,Onion Ring
Matcha Tea,Hot Choco Latte,Donat,Onion Ring
Ice Tea,Ice Coffee Latte,Ice Choco Late,Blue Ocean,Hot Arabica
Ice Tea,French Fries
Ice Tea,Ice Coffee Latte,Hot Robusta,Tahu Crispy,French Fries
Ice Tea,Ice Choco Delight,Hot Coffee Latte,Rujak Cireng,Jamur Crispy
Ice Tea,Hot Espresso Double Shoot,Jamur Crispy
Ice Tea,Ice Choco Late
Thai Tea,Hot Coffee Latte,Hot Choco Latte,French Fries
Teh Tarik,Lemon Tea,Ice Cappucino,Ice Coffee Latte,Rujak Cireng,Jamur Crispy,French Fries
Matcha Tea,Thai Tea,Teh Tarik,Lemon Tea,Ice Robusta,Ice Cappucino,Hot Arabica,French Fries,
Milky Way
Ice Choco Late,Tahu Crispy
Teh Tarik,Ice Tea,Ice Choco Oreo,Hot Vietnam Drip,Tahu Crispy
Lemon Tea,Ice Arabica,Spaghetti
Ice Tea,Ice Arabica,Ice Coffee Latte,French Fries
Ice Tea,Blue Ocean,Hot Robusta,Jamur Crispy,Onion Ring,Empek-empek Lengkap
Ice Tea,Ice Cappucino,Ice Choco Oreo
Matcha Tea,Ice Choco Oreo,Hot Arabica,Pisang Coklat Keju,Jamur Crispy,French Fries
Ice Cappucino,Ice Choco Oreo,Rujak Cireng
Ice Coffee Latte,Ice Choco Oreo,French Fries
Ice Tea,Rujak Cireng
Ice Tea,Ice Robusta
Ice Choco Delight,Blue Ocean,French Fries
Ice Coffee Latte,Ice Choco Oreo,Ice Choco Late,Donat,French Fries
Hot Robusta,Hot Cappucino,Pisang Coklat Keju
Thai Tea,Blue Ocean,French Fries
Ice Coffee Latte,Ice Choco Oreo
Ice Tea,Ice Coffee Latte,Hot Robusta,French Fries
Ice Cappucino
Ice Tea,Hot Robusta,French Fries
Ice Coffee Latte
Ice Robusta,Hot Coffee Latte,Singkong Keju
Lemon Tea,Ice Tea,Ice Vietnam Drip,Ice Cappucino,Hot Choco Latte,Kebab,Empek-empek
Ice Tea,Ice Robusta,Ice Choco Delight,Hot Coffee Latte,Pisang Coklat Keju,Singkong Keju,French Fries
Ice Tea,Milky Way,Hot Arabica,Kebab,Tahu Crispy,French Fries
Ice Choco Late,Hot Kopi Susu G. Aren,Hot Choco Latte
Ice Tea,French Fries
Teh Tarik,Ice Tea,Ice Choco Oreo
Teh Tarik,Lemon Tea,Ice Tea,Hot Espresso Double Shoot,Hot Kopi Susu G. Aren,Hot Coffee Latte,Donat
Matcha Tea,Ice Tea,Hot Cappucino,Jamur Crispy,French Fries,Empek-empek
Teh Tarik,Lemon Tea,Ice Cappucino,Ice Choco Late,Majito Viro,French Fries,Sausage Omelette
Ice Robusta,Rujak Cireng
Ice Tea,Blue Ocean,Hot Choco Latte,French Fries
Thai Tea
Teh Tarik,Lemon Tea,Ice Coffee Latte,Pisang Coklat Keju,French Fries,Sausage Omelette
Thai Tea,Lemon Tea,Ice Robusta,Singkong Keju,Empek-empek
Lemon Tea,Ice Choco Late,Majito Viro,Tahu Crispy,Onion Ring
Ice Tea
Teh Tarik,Hot Robusta,Donat,Rujak Cireng
Ice Tea,Ice Choco Late,Hot Espresso Single Shoot,Singkong Keju,French Fries
Ice Tea,Hot Vietnam Drip
Ice Tea,Blue Ocean,Tahu Crispy,French Fries
Teh Tarik,Ice Arabica,Ice Choco Delight,Hot Espresso Single Shoot,Hot Espresso Double Shoot
Hot Espresso Double Shoot,Hot Coffee Latte,Donat,Tahu Crispy
Lemon Tea,Ice Tea,Jamur Crispy,Tahu Crispy
Ice Choco Oreo
Majito Viro,Onion Ring
Ice Cappucino,Ice Choco Oreo,Hot Vietnam Drip,Pisang Coklat Keju,French Fries
Hot Robusta,Hot Kopi Susu G. Aren,Rujak Cireng,Jamur Crispy
Ice Tea,Ice Coffee Latte,Ice Choco Delight,Ice Choco Late,Pisang Coklat Keju,French Fries
Ice Tea,Ice Coffee Latte,Jamur Crispy,French Fries
Teh Tarik,Lemon Tea,Ice Tea,Ice Choco Delight,Donat
Thai Tea,Ice Cappucino,Milky Way,Hot Vietnam Drip
Ice Tea,Ice Cappucino,Ice Choco Delight,Ice Choco Late,French Fries
Thai Tea,Ice Tea,Tahu Crispy
Teh Tarik,Ice Tea,Ice Coffee Latte,Donat,Spaghetti
Teh Tarik,Ice Tea,Ice Cappucino,Ice Choco Late,Blue Ocean,Hot Cappucino,Kebab
Teh Tarik,Lemon Tea,Ice Choco Oreo,Pisang Coklat Keju
Ice Tea,Hot Cappucino
Teh Tarik,Lemon Tea,Ice Tea,Ice Robusta,Ice Cappucino,Hot Cappucino,French Fries
Ice Cappucino
Ice Tea,Ice Choco Late,Hot Coffee Latte,French Fries,Spaghetti
Matcha Tea,Lemon Tea,Hot Cappucino
Teh Tarik,Lemon Tea
Ice Tea,French Fries
Lemon Tea,Hot Arabica,Hot Espresso Single Shoot,Donat,Jamur Crispy,Spaghetti
Ice Coffee Latte,Blue Ocean,Empek-empek
Thai Tea,Lemon Tea,Ice Tea,Ice Coffee Latte,Ice Choco Oreo,Ice Choco Delight,Tahu Crispy
Ice Tea,Hot Robusta,Kebab,Pisang Coklat Keju
Ice Cappucino,Ice Choco Delight,Kebab,French Fries
Teh Tarik,Ice Tea,Ice Coffee Latte
Ice Cappucino,Hot Vietnam Drip
Matcha Tea,Hot Robusta,Hot Cappucino,Jamur Crispy
Ice Cappucino,Ice Choco Delight,Hot Kopi Susu G. Aren,Jamur Crispy,Onion Ring,French Fries
Ice Choco Late,French Fries
Ice Tea,Ice Vietnam Drip,Hot Espresso Single Shoot
Lemon Tea,Ice Tea,Ice Choco Late,Singkong Keju,French Fries
Ice Tea,Hot Arabica,Hot Espresso Single Shoot,French Fries
Ice Tea,Ice Vietnam Drip,Ice Cappucino,Blue Ocean,Jamur Crispy,French Fries
Ice Tea,Ice Choco Delight,Ice Choco Late,Singkong Keju,French Fries,Spaghetti
Blue Ocean,Hot Espresso Double Shoot,Tahu Crispy
Matcha Tea,Ice Choco Delight,Ice Choco Late,Kebab,French Fries
Matcha Tea,Ice Vietnam Drip,French Fries
Lemon Tea,Ice Tea
Ice Tea,Ice Choco Delight,Dreamland,Hot Kopi Susu G. Aren,Sausage Omelette
Ice Tea,Blue Ocean,Onion Ring,French Fries
Teh Tarik,Ice Tea,Ice Cappucino,Blue Ocean,Donat,Rujak Cireng,Tahu Crispy,French Fries,
Matcha Tea,Thai Tea,Lemon Tea,French Fries
Ice Tea,Hot Arabica,Hot Vietnam Drip,Pisang Coklat Keju
Lemon Tea,Ice Robusta,Kebab,French Fries
Thai Tea,Ice Tea,Hot Espresso Double Shoot,Hot Coffee Latte,French Fries
Ice Tea,Ice Choco Delight,Hot Kopi Susu G. Aren,French Fries,Empek-empek Lengkap
Hot Vietnam Drip,Rujak Cireng
Matcha Tea,Teh Tarik,Ice Tea,Ice Choco Late,French Fries
Ice Cappucino,Blue Ocean,Hot Robusta,Singkong Keju
Teh Tarik,French Fries
Teh Tarik,Ice Coffee Latte,Pisang Coklat Keju,French Fries
Ice Tea,Ice Cappucino,Hot Robusta,Hot Coffee Latte,Donat,Jamur Crispy,French Fries
Ice Tea,Hot Robusta,Hot Choco Latte,Singkong Keju,Jamur Crispy,French Fries
Teh Tarik,Ice Cappucino,Rujak Cireng,French Fries
Ice Tea,Ice Cappucino,Ice Choco Delight,Ice Choco Late
Ice Robusta,Hot Kopi Susu G. Aren,Hot Vietnam Drip
Ice Arabica,Ice Choco Oreo,Dreamland,Hot Arabica
Ice Tea,Ice Choco Oreo,Hot Cappucino,Pisang Coklat Keju
Ice Tea,Hot Espresso Double Shoot,Tahu Crispy,French Fries
Lemon Tea,Ice Tea,Ice Choco Delight,Ice Choco Late,Hot Cappucino,French Fries,Spaghetti
Ice Tea,Kebab
Ice Coffee Latte,French Fries
Ice Tea,Ice Cappucino,Blue Ocean
Teh Tarik,Ice Cappucino,Dreamland,Hot Coffee Latte
Ice Coffee Latte,Hot Kopi Susu G. Aren,Hot Cappucino,Empek-empek Lengkap
Ice Tea,Ice Choco Delight,Hot Vietnam Drip
Teh Tarik,Ice Tea,Ice Choco Delight,Ice Choco Late,Onion Ring,Empek-empek Lengkap
Ice Tea,Ice Coffee Latte
Lemon Tea,Ice Cappucino,French Fries
Ice Tea,French Fries
Lemon Tea,Ice Tea,Majito Viro,French Fries
Hot Espresso Single Shoot,Hot Kopi Susu G. Aren,Hot Cappucino
Matcha Tea,Ice Tea,Ice Cappucino,Hot Vietnam Drip,French Fries
Teh Tarik,Lemon Tea,Ice Cappucino
Ice Robusta,Hot Arabica,Donat
Ice Vietnam Drip,Ice Cappucino,Hot Choco Latte,Donat
Teh Tarik,Ice Tea,Ice Cappucino,Hot Arabica,Tahu Crispy,Onion Ring
Ice Tea,Hot Robusta,Tahu Crispy,Onion Ring
Ice Tea,Hot Robusta,Kebab,Jamur Crispy
Ice Tea,Ice Arabica,Ice Coffee Latte,Hot Kopi Susu G. Aren,Rujak Cireng
Milky Way,Majito Viro,Donat
Hot Arabica,French Fries
Ice Robusta,Ice Cappucino,Hot Cappucino,Hot Choco Latte,Donat,French Fries
Ice Choco Late,Milky Way
Ice Arabica,Ice Choco Delight,Majito Viro,Jamur Crispy,French Fries
Ice Coffee Latte,Donat
Ice Robusta,Hot Kopi Susu G. Aren,French Fries
Ice Cappucino,Blue Ocean
Lemon Tea,Ice Tea,Majito Viro,French Fries
Ice Tea,Ice Choco Oreo,Hot Vietnam Drip,Hot Choco Latte,Onion Ring
Teh Tarik,Ice Tea,Ice Choco Oreo,Kebab
Lemon Tea,Ice Tea,Ice Robusta,Pisang Coklat Keju
Lemon Tea,Ice Coffee Latte,Ice Choco Delight,Ice Choco Late,Hot Arabica
Lemon Tea,Ice Tea,Ice Robusta,Kebab,Tahu Crispy,French Fries
Hot Arabica,French Fries
Hot Kopi Susu G. Aren,French Fries
Ice Tea,Ice Choco Oreo,Ice Choco Late,Jamur Crispy,Onion Ring,Spaghetti
Ice Choco Late,Blue Ocean,Majito Viro,Jamur Crispy
Teh Tarik,Ice Choco Oreo
Lemon Tea,Ice Tea,Ice Cappucino,Ice Choco Delight,Hot Choco Latte,French Fries
Thai Tea,Teh Tarik,Ice Tea,Ice Robusta,Donat,Tahu Crispy,French Fries
Teh Tarik,Ice Tea,Ice Choco Oreo,French Fries
Matcha Tea,Teh Tarik,Ice Tea,Hot Arabica,Hot Espresso Single Shoot,French Fries
Thai Tea,Dreamland,Hot Espresso Single Shoot,Hot Kopi Susu G. Aren,Tahu Crispy,French Fries,Empek-empek Lengkap
Hot Espresso Single Shoot,Rujak Cireng
Ice Choco Delight,Majito Viro,Hot Coffee Latte,Pisang Coklat Keju,Spaghetti
Ice Tea,Blue Ocean,Onion Ring,French Fries
Dreamland,Blue Ocean,Hot Espresso Single Shoot,Donat,Kebab,French Fries
Ice Tea,Ice Choco Late
Ice Tea,Ice Coffee Latte,Hot Espresso Single Shoot
Dreamland,Hot Arabica,Hot Kopi Susu G. Aren,Donat,Singkong Keju,Jamur Crispy
Ice Tea,Blue Ocean,Donat,Sausage Omelette
Ice Tea,Majito Viro,Hot Cappucino,Kebab,Singkong Keju
Matcha Tea,Thai Tea,Ice Tea,Ice Cappucino,Milky Way,Tahu Crispy,French Fries
Matcha Tea,Ice Tea,Ice Arabica,Ice Cappucino,Hot Arabica,French Fries,Spaghetti
Matcha Tea,Ice Arabica,Ice Cappucino,Ice Choco Oreo,Pisang Coklat Keju,Rujak Cireng,Sausage Omelette
Ice Tea,Ice Vietnam Drip,Hot Vietnam Drip,Kebab,French Fries
Matcha Tea,Milky Way,Spaghetti
Ice Choco Delight,Onion Ring
Lemon Tea,Ice Choco Delight,Hot Espresso Single Shoot,French Fries
Ice Cappucino,Hot Arabica,Donat
Matcha Tea,Ice Choco Oreo,Ice Choco Late,Donat,Pisang Coklat Keju
Ice Tea,Hot Arabica,French Fries
Ice Tea,Ice Robusta,Blue Ocean,Hot Robusta,French Fries
Lemon Tea,Hot Espresso Double Shoot,Jamur Crispy
Teh Tarik,Hot Espresso Double Shoot,French Fries
Ice Cappucino,Milky Way,Hot Robusta,Jamur Crispy,Tahu Crispy,French Fries
Ice Cappucino,Ice Choco Late,Hot Espresso Double Shoot
Ice Tea,Hot Espresso Double Shoot,French Fries
Ice Tea
Ice Choco Oreo,Ice Choco Delight,Hot Robusta,Jamur Crispy,French Fries
Ice Tea,Ice Choco Late,Kebab,French Fries
Teh Tarik,Lemon Tea,Hot Coffee Latte,French Fries
Ice Tea,Hot Arabica
Teh Tarik,Ice Tea,Ice Cappucino,Hot Kopi Susu G. Aren,Hot Vietnam Drip,Donat,French Fries
Ice Tea,Kebab
Teh Tarik,Ice Tea,Ice Choco Oreo,Hot Coffee Latte,Jamur Crispy
Hot Choco Latte
Ice Arabica,Ice Choco Delight,Kebab,French Fries
Ice Choco Delight,French Fries
Matcha Tea,Ice Choco Oreo,Ice Choco Late,Pisang Coklat Keju,Jamur Crispy
Ice Tea,Ice Arabica,Ice Choco Oreo,Donat,French Fries
Ice Tea,Hot Arabica,Hot Vietnam Drip,Kebab,Onion Ring
Ice Tea,Ice Arabica,Ice Cappucino,Ice Coffee Latte,Ice Choco Delight,Hot Arabica
Ice Tea,Ice Cappucino,Kebab
Ice Tea,Hot Kopi Susu G. Aren,Rujak Cireng
Hot Arabica,Pisang Coklat Keju
Lemon Tea,Ice Choco Delight,Ice Choco Late,Jamur Crispy,French Fries
Thai Tea,Ice Tea,Ice Choco Oreo,Ice Choco Late,Singkong Keju
Ice Tea,Ice Cappucino,Hot Coffee Latte,French Fries
Ice Tea,Ice Cappucino,Ice Coffee Latte,Blue Ocean
Teh Tarik,Ice Choco Delight,Hot Cappucino,Pisang Coklat Keju,Jamur Crispy,Tahu Crispy
Majito Viro,Hot Choco Latte
Teh Tarik,Ice Cappucino,Hot Vietnam Drip,Hot Coffee Latte,Kebab,Pisang Coklat Keju,French Fries
Ice Tea,Ice Coffee Latte
Thai Tea,Ice Tea,Ice Cappucino,Ice Choco Delight,French Fries
Lemon Tea,Ice Choco Delight,Tahu Crispy,French Fries
Matcha Tea,Ice Tea,Hot Espresso Double Shoot,French Fries
Hot Arabica
Hot Arabica,Hot Cappucino
Matcha Tea,Ice Tea,Ice Coffee Latte,Tahu Crispy,French Fries
Ice Cappucino,Hot Choco Latte,French Fries,Sausage Omelette
Ice Cappucino,Ice Choco Late,Hot Arabica,Pisang Coklat Keju
Lemon Tea,Ice Choco Late,Hot Coffee Latte,French Fries
Ice Tea,Ice Cappucino,Ice Choco Oreo,Ice Choco Late
Ice Tea,Ice Vietnam Drip,Ice Coffee Latte
Teh Tarik,Rujak Cireng
Ice Cappucino,French Fries
Ice Cappucino
Lemon Tea,Ice Choco Late,French Fries
Ice Tea,Ice Choco Late,Hot Robusta,Spaghetti
Ice Tea,Hot Coffee Latte,French Fries
Ice Tea,Ice Choco Oreo,Ice Choco Late,Hot Arabica,Tahu Crispy,Empek-empek Lengkap
Teh Tarik,Dreamland,French Fries
Lemon Tea,Ice Tea,Ice Coffee Latte,Hot Vietnam Drip,Singkong Keju
Ice Tea,Ice Choco Oreo,French Fries
Matcha Tea,Ice Robusta,Milky Way,Kebab,Pisang Coklat Keju,French Fries
Teh Tarik,Lemon Tea,Ice Tea,Hot Robusta,Hot Cappucino,Donat
Lemon Tea,Ice Cappucino,Hot Espresso Double Shoot,Hot Coffee Latte,French Fries
Ice Tea,Ice Arabica,Ice Choco Late,Majito Viro,Hot Robusta,Hot Vietnam Drip,French Fries
Ice Tea,Ice Coffee Latte,Dreamland
Ice Vietnam Drip,Ice Cappucino,Ice Choco Oreo,Jamur Crispy
Lemon Tea,Ice Tea,Ice Choco Oreo,Tahu Crispy
Ice Tea,Ice Choco Oreo,Milky Way,Hot Robusta,Hot Vietnam Drip,Donat,French Fries
Hot Kopi Susu G. Aren
Thai Tea,Ice Cappucino,Hot Arabica,Hot Espresso Double Shoot
Thai Tea,Lemon Tea,Ice Choco Late,Hot Espresso Double Shoot,Kebab,French Fries,Sausage Omelette
Lemon Tea,French Fries
Matcha Tea,Ice Tea,Ice Choco Late,Donat,Jamur Crispy
Teh Tarik,Ice Arabica,Ice Coffee Latte,Ice Choco Oreo,Blue Ocean,Tahu Crispy,Onion Ring
Ice Tea,Ice Cappucino,Hot Choco Latte,Donat
Thai Tea,Teh Tarik,Lemon Tea,Ice Arabica,Hot Robusta,Hot Coffee Latte,Rujak Cireng,Onion Ring,
Ice Tea,Ice Arabica,Tahu Crispy
Ice Tea
Ice Tea,Ice Cappucino,Hot Robusta,Kebab
Ice Tea,Ice Choco Delight,Ice Choco Late,Pisang Coklat Keju,Onion Ring
Matcha Tea,Ice Vietnam Drip,Ice Choco Delight
Ice Tea,Ice Cappucino,Hot Arabica,French Fries
Lemon Tea,Ice Choco Delight,Hot Arabica,French Fries
Thai Tea,Ice Tea,Ice Choco Oreo,French Fries
Ice Tea,Ice Cappucino,Ice Coffee Latte,French Fries
Ice Robusta,Ice Cappucino,Ice Choco Oreo,Ice Choco Delight,Kebab,Pisang Coklat Keju,Onion Ring,French Fries,
Teh Tarik,Ice Tea,Empek-empek
Ice Robusta,Ice Cappucino,Hot Vietnam Drip,French Fries
Dreamland,Jamur Crispy
Teh Tarik,Ice Coffee Latte,Hot Choco Latte,French Fries,Spaghetti
Ice Choco Late,Hot Arabica,Hot Espresso Double Shoot,Donat,Pisang Coklat Keju
Ice Tea,Ice Cappucino,French Fries
Ice Cappucino,Ice Coffee Latte,Hot Vietnam Drip
Matcha Tea,Ice Cappucino,Hot Robusta,Hot Espresso Single Shoot,Hot Espresso Double Shoot,Donat,Empek-empek Lengkap
Ice Arabica,Blue Ocean,Hot Arabica,French Fries,Spaghetti,Empek-empek Lengkap
Thai Tea,Ice Coffee Latte,Milky Way,Hot Vietnam Drip,French Fries
Lemon Tea,Ice Cappucino,Ice Choco Oreo,Jamur Crispy,Tahu Crispy
Ice Coffee Latte,Hot Cappucino,Tahu Crispy
Ice Vietnam Drip,Ice Choco Late,Hot Arabica,Hot Cappucino,French Fries,Sausage Omelette
Ice Coffee Latte,Onion Ring
Teh Tarik,Ice Tea,Ice Robusta,Tahu Crispy,French Fries
Hot Espresso Single Shoot,Hot Coffee Latte,Jamur Crispy
Ice Cappucino
Thai Tea,Ice Cappucino,Sausage Omelette
Teh Tarik,Lemon Tea,Ice Tea,Ice Arabica,Milky Way,Singkong Keju,French Fries
Teh Tarik,Ice Tea,Ice Coffee Latte,Ice Choco Delight,Donat
Teh Tarik,Ice Tea,Ice Coffee Latte,Rujak Cireng,Sausage Omelette
Blue Ocean,French Fries
Thai Tea,Ice Tea,Hot Cappucino,Hot Coffee Latte
Ice Tea,Ice Vietnam Drip,Ice Cappucino,Dreamland,Hot Cappucino,French Fries
Matcha Tea,Ice Tea,Empek-empek,Empek-empek Lengkap
Ice Tea,Donat
Ice Tea,Ice Arabica,Ice Cappucino,Hot Espresso Single Shoot,Hot Espresso Double Shoot
Teh Tarik,Ice Tea
Ice Tea,Ice Coffee Latte,Ice Choco Delight,Hot Vietnam Drip,Sausage Omelette
Lemon Tea,Ice Tea,Jamur Crispy,Tahu Crispy
Teh Tarik,Lemon Tea,Ice Tea,Ice Arabica,Hot Arabica,Singkong Keju,Rujak Cireng
Ice Tea,Blue Ocean,Hot Kopi Susu G. Aren,Jamur Crispy,French Fries
Ice Tea,Ice Choco Late,Hot Vietnam Drip,French Fries
Ice Tea,Ice Vietnam Drip,Ice Choco Oreo,Hot Cappucino,Hot Choco Latte
Lemon Tea,Ice Tea,Ice Choco Delight,Hot Espresso Double Shoot
Matcha Tea,Ice Cappucino,Ice Choco Delight,Hot Cappucino
Lemon Tea,Ice Choco Oreo,Hot Espresso Single Shoot,Donat
Ice Tea,Singkong Keju
Thai Tea,Ice Tea,Ice Coffee Latte,Pisang Coklat Keju,French Fries
Ice Tea,Blue Ocean,Hot Cappucino
Teh Tarik
Ice Vietnam Drip,Ice Cappucino,Hot Kopi Susu G. Aren,Pisang Coklat Keju,French Fries,Spaghetti
Ice Tea,Hot Kopi Susu G. Aren,Pisang Coklat Keju,French Fries
Thai Tea,Ice Cappucino,Ice Coffee Latte,Hot Coffee Latte,French Fries
Ice Tea,Ice Cappucino,Kebab,French Fries
Hot Kopi Susu G. Aren,Hot Coffee Latte
Lemon Tea,Ice Tea,Ice Choco Oreo,Hot Arabica,French Fries
Lemon Tea,Hot Espresso Single Shoot,Hot Espresso Double Shoot,Jamur Crispy
Teh Tarik,Ice Tea,Ice Choco Oreo,Ice Choco Late
Milky Way,Hot Kopi Susu G. Aren
Lemon Tea,Ice Tea,Ice Choco Late,Hot Espresso Single Shoot,Hot Espresso Double Shoot
Teh Tarik,Lemon Tea,Ice Tea,Ice Robusta,Hot Kopi Susu G. Aren,Pisang Coklat Keju,French Fries
Matcha Tea,Ice Tea,Ice Cappucino,Ice Choco Oreo,Ice Choco Delight,Hot Espresso Double Shoot,Rujak Cireng
Matcha Tea,Lemon Tea,Singkong Keju
Ice Tea,Ice Coffee Latte,Donat
Ice Tea,Ice Robusta,Ice Vietnam Drip,Ice Coffee Latte,Milky Way
Teh Tarik,Ice Tea,Hot Coffee Latte,Jamur Crispy,Tahu Crispy,French Fries
Teh Tarik,Ice Choco Delight,Rujak Cireng,Spaghetti
Matcha Tea,Ice Choco Delight,Jamur Crispy
Ice Tea,Ice Coffee Latte,Tahu Crispy,French Fries
Ice Tea,Ice Arabica,Blue Ocean,Donat,Kebab,Rujak Cireng
Lemon Tea,Spaghetti
Teh Tarik,Ice Tea,Ice Cappucino,Hot Espresso Single Shoot
Ice Choco Late,Hot Espresso Single Shoot,Kebab,French Fries
Ice Cappucino,Ice Choco Late,Milky Way,Pisang Coklat Keju,Jamur Crispy,French Fries
Ice Tea
Lemon Tea,Ice Tea,Ice Choco Delight,Ice Choco Late,Hot Robusta,Donat,Kebab,Rujak Cireng,
Ice Tea,Ice Arabica,Onion Ring
Ice Tea,Ice Choco Oreo,Hot Vietnam Drip
Ice Tea,Ice Choco Oreo,Hot Arabica,Pisang Coklat Keju,French Fries
Lemon Tea,Ice Choco Late,Hot Coffee Latte,Pisang Coklat Keju,Tahu Crispy
Teh Tarik,Lemon Tea,Ice Tea,Hot Vietnam Drip,Kebab,Tahu Crispy,French Fries,Empek-empek Lengkap,
Lemon Tea,Empek-empek
Teh Tarik,Ice Cappucino,Ice Coffee Latte,Ice Choco Delight,Hot Kopi Susu G. Aren,Donat,Rujak Cireng,Empek-empek Lengkap,
Ice Tea,Ice Cappucino,Jamur Crispy,Empek-empek Lengkap
Ice Tea,Ice Robusta
Ice Tea,Ice Arabica,Hot Espresso Single Shoot,Pisang Coklat Keju,French Fries
Teh Tarik,Lemon Tea,Ice Choco Oreo
Teh Tarik,Ice Tea,Hot Robusta,Pisang Coklat Keju,Onion Ring,French Fries
Ice Tea,Ice Choco Oreo,Ice Choco Late,Hot Coffee Latte,Jamur Crispy,French Fries
Matcha Tea,Teh Tarik,Ice Coffee Latte,Blue Ocean
Ice Tea,Ice Cappucino,Ice Coffee Latte,Hot Cappucino,French Fries,Sausage Omelette
Ice Tea,Ice Cappucino,Hot Robusta,Donat,Jamur Crispy
Ice Tea,Ice Choco Delight,Ice Choco Late,French Fries
Lemon Tea,Ice Tea,Blue Ocean,Kebab,Pisang Coklat Keju
Ice Choco Oreo,Ice Choco Delight,Hot Vietnam Drip
Thai Tea,Ice Tea,Ice Arabica,Ice Choco Oreo,Ice Choco Delight,Ice Choco Late,Hot Kopi Susu G. Aren,Jamur Crispy,French Fries
Ice Cappucino,Milky Way,Blue Ocean,Pisang Coklat Keju
Lemon Tea,Ice Cappucino,Hot Choco Latte,Tahu Crispy
Teh Tarik,Ice Tea,Ice Coffee Latte,Ice Choco Oreo,Blue Ocean,Singkong Keju
Dreamland,Hot Kopi Susu G. Aren,Pisang Coklat Keju,French Fries
Teh Tarik,Ice Tea,French Fries
Ice Tea,Ice Choco Delight,Dreamland,Hot Robusta
Lemon Tea,Ice Choco Oreo,Dreamland,Hot Cappucino,Kebab,Tahu Crispy,French Fries,Empek-empek,
Ice Cappucino,Ice Choco Delight,Blue Ocean,Pisang Coklat Keju,Jamur Crispy,French Fries
Ice Tea,Ice Choco Late,Blue Ocean
Ice Tea,Ice Cappucino,Onion Ring,French Fries
Ice Robusta,Ice Coffee Latte,Ice Choco Oreo,Ice Choco Late,Kebab,French Fries
Ice Choco Oreo,Hot Robusta
Ice Tea,Ice Arabica,Pisang Coklat Keju,Spaghetti
Ice Tea,Ice Cappucino,Ice Coffee Latte,Tahu Crispy
Matcha Tea,Teh Tarik,Ice Tea
Dreamland,Blue Ocean,Hot Espresso Double Shoot,Tahu Crispy
Ice Tea,Hot Arabica,Hot Cappucino,Hot Choco Latte,Kebab,Singkong Keju,French Fries
Teh Tarik,Ice Tea,Ice Choco Oreo,Jamur Crispy,French Fries
Ice Robusta,Hot Kopi Susu G. Aren,French Fries
Ice Coffee Latte,Ice Choco Oreo,Ice Choco Late,French Fries,Empek-empek Lengkap
Ice Robusta,Pisang Coklat Keju
Ice Tea,Ice Vietnam Drip,Blue Ocean,Hot Vietnam Drip,Donat,French Fries
Hot Arabica,French Fries
Teh Tarik,Ice Tea,Ice Cappucino,Ice Choco Late,Hot Kopi Susu G. Aren,French Fries
Matcha Tea,Teh Tarik,Ice Tea,Ice Coffee Latte,Hot Choco Latte,Donat,Spaghetti
Ice Tea,Jamur Crispy
Ice Tea,Ice Robusta,Singkong Keju
Thai Tea,Teh Tarik,Ice Tea,Ice Coffee Latte
Teh Tarik,Ice Tea,Ice Cappucino,Donat
Ice Arabica,Hot Vietnam Drip,Donat,Tahu Crispy
Ice Coffee Latte,Ice Choco Delight,Donat,Kebab
Lemon Tea,Ice Tea,Ice Coffee Latte,Dreamland,Pisang Coklat Keju
Ice Tea,Ice Cappucino,Milky Way,French Fries
Ice Tea,Jamur Crispy
Ice Tea,Ice Choco Late,Hot Robusta,Hot Espresso Single Shoot,Kebab
Ice Coffee Latte,Kebab
Ice Cappucino,Majito Viro,Donat
Lemon Tea,Ice Tea,Ice Robusta
Thai Tea,Ice Arabica,Ice Choco Delight,Blue Ocean,Pisang Coklat Keju,Empek-empek
Ice Coffee Latte,Hot Coffee Latte,Pisang Coklat Keju,French Fries
Thai Tea,Lemon Tea,Ice Tea,Ice Coffee Latte,Hot Arabica,Empek-empek
Ice Tea,Ice Arabica,Ice Choco Late,Blue Ocean,Hot Arabica,French Fries
Ice Tea,Ice Robusta,Onion Ring,Spaghetti
Thai Tea,Teh Tarik,Tahu Crispy
Ice Tea
Teh Tarik,Lemon Tea,Ice Tea,Ice Cappucino,Ice Choco Late,Blue Ocean,Hot Coffee Latte,Tahu Crispy,
Ice Tea,Ice Vietnam Drip,Ice Cappucino,Hot Cappucino,Kebab,Empek-empek Lengkap
Ice Tea,Ice Cappucino,Tahu Crispy,Sausage Omelette
Lemon Tea,Ice Tea,Tahu Crispy,French Fries
Ice Tea,Hot Coffee Latte,Tahu Crispy,French Fries
Lemon Tea,Ice Cappucino,Hot Arabica,Hot Espresso Single Shoot,Hot Coffee Latte,Jamur Crispy
Lemon Tea,Singkong Keju
Lemon Tea,Ice Tea,Ice Cappucino,Blue Ocean,Hot Robusta
Ice Tea,Ice Arabica,French Fries
Ice Tea,Ice Arabica,Ice Cappucino,Ice Choco Oreo
Teh Tarik,French Fries
Ice Tea,Ice Coffee Latte,Ice Choco Delight,French Fries
Ice Choco Oreo,Milky Way,Hot Kopi Susu G. Aren,Donat,Tahu Crispy,French Fries
Ice Tea,Ice Cappucino,Blue Ocean,Onion Ring
Ice Tea,Ice Coffee Latte,Hot Espresso Single Shoot,Hot Espresso Double Shoot,French Fries
Lemon Tea,Dreamland,Hot Robusta,Rujak Cireng,French Fries
Teh Tarik,Ice Tea,Donat
Teh Tarik,Lemon Tea,Ice Tea,Ice Arabica,Donat,Pisang Coklat Keju,Jamur Crispy
Lemon Tea,Ice Tea,French Fries
Ice Choco Oreo,Ice Choco Delight,Singkong Keju
Teh Tarik,Ice Robusta,Ice Vietnam Drip,Kebab,French Fries
Ice Choco Oreo,French Fries
Ice Tea,Ice Choco Delight,Hot Espresso Single Shoot,Pisang Coklat Keju,Jamur Crispy
Lemon Tea,Ice Tea,Ice Cappucino,Ice Choco Oreo,Pisang Coklat Keju,French Fries
Teh Tarik,Ice Cappucino,Hot Arabica,Donat,Pisang Coklat Keju
Lemon Tea,Ice Tea,Hot Coffee Latte,Kebab,Tahu Crispy
Ice Tea,Ice Cappucino,Hot Espresso Single Shoot,Empek-empek Lengkap
Ice Tea,Ice Choco Delight,Majito Viro,Hot Espresso Single Shoot,Jamur Crispy,Empek-empek
Ice Cappucino,Ice Choco Delight,French Fries
Ice Tea,Ice Coffee Latte,Kebab,French Fries
Ice Choco Oreo,Majito Viro,Hot Arabica,Hot Choco Latte
Ice Tea,Ice Arabica,Ice Coffee Latte,French Fries
Ice Tea,Ice Robusta,Ice Choco Delight,Ice Choco Late,Tahu Crispy
Matcha Tea,Lemon Tea,Ice Coffee Latte,Hot Coffee Latte
Lemon Tea,Ice Choco Oreo,Pisang Coklat Keju,Jamur Crispy
Ice Tea,Ice Choco Late,Hot Cappucino,Donat,French Fries,Spaghetti
Ice Tea,Ice Cappucino,Onion Ring,French Fries
Thai Tea,Ice Tea,Ice Coffee Latte,Hot Espresso Double Shoot
Ice Tea,Tahu Crispy
Teh Tarik,Lemon Tea,Ice Robusta,Ice Cappucino,Hot Arabica,Tahu Crispy,French Fries
Blue Ocean,Hot Robusta,Donat
Blue Ocean,Hot Espresso Single Shoot,Rujak Cireng
Ice Tea,Hot Robusta,French Fries
Ice Cappucino,Ice Choco Oreo,Ice Choco Delight,French Fries
Ice Vietnam Drip,Tahu Crispy
Teh Tarik,Hot Robusta,French Fries,Sausage Omelette
Teh Tarik,Lemon Tea,Ice Tea,Ice Choco Oreo,Ice Choco Delight,French Fries
Thai Tea,Ice Coffee Latte,Majito Viro,Hot Coffee Latte,French Fries,Sausage Omelette
Lemon Tea,Ice Tea,Hot Robusta,Hot Choco Latte,Pisang Coklat Keju,Sausage Omelette
Matcha Tea,Ice Tea,Ice Choco Oreo,Ice Choco Delight,Ice Choco Late,Hot Espresso Double Shoot,Rujak Cireng,French Fries,
Lemon Tea,Sausage Omelette
Ice Tea,Hot Cappucino,French Fries
Teh Tarik,Ice Tea,Ice Coffee Latte,Ice Choco Delight,Hot Arabica,Donat,Kebab,Jamur Crispy,
Ice Tea
Hot Coffee Latte,Pisang Coklat Keju
Ice Coffee Latte,Hot Espresso Double Shoot,Hot Vietnam Drip,Donat,Kebab,French Fries
Blue Ocean,Majito Viro,Hot Robusta,Hot Arabica,Hot Espresso Double Shoot
Lemon Tea,Hot Espresso Double Shoot,Hot Kopi Susu G. Aren,French Fries
Ice Tea
Ice Tea,Tahu Crispy
Ice Robusta,Ice Choco Oreo,Hot Espresso Double Shoot,Hot Vietnam Drip,Donat,Tahu Crispy
Ice Tea,Hot Kopi Susu G. Aren,Pisang Coklat Keju,Singkong Keju
Lemon Tea,Ice Tea,Ice Robusta,Ice Choco Late,Hot Robusta,Hot Cappucino,Jamur Crispy
Lemon Tea,Ice Tea,Ice Choco Oreo,Hot Choco Latte,French Fries,Empek-empek
Ice Tea
Ice Tea,Ice Choco Oreo
Ice Tea,Ice Cappucino
Lemon Tea,Ice Tea,Pisang Coklat Keju
Ice Tea,Ice Cappucino,Ice Choco Oreo,Blue Ocean,Tahu Crispy
Ice Tea,Ice Robusta,French Fries
Ice Tea,Ice Robusta,Ice Choco Oreo,Blue Ocean,Hot Coffee Latte,Tahu Crispy,French Fries
Lemon Tea,Ice Tea,Ice Coffee Latte,French Fries
Teh Tarik
Ice Tea,Hot Espresso Single Shoot,Kebab,French Fries
Matcha Tea,Ice Choco Delight,French Fries
Ice Tea,Ice Robusta,Hot Kopi Susu G. Aren,French Fries
Matcha Tea,Ice Tea,Hot Vietnam Drip,Donat,Empek-empek
Teh Tarik,Ice Tea,Ice Choco Delight,Ice Choco Late,Blue Ocean
Matcha Tea,Ice Tea,Ice Cappucino,Ice Choco Late,French Fries
Ice Tea,Ice Choco Delight,French Fries
Teh Tarik,Lemon Tea,Tahu Crispy,Onion Ring
Ice Tea
Teh Tarik,Lemon Tea,Ice Tea,Ice Cappucino,Hot Arabica,Hot Kopi Susu G. Aren
Lemon Tea,Ice Tea,Ice Cappucino,Ice Choco Oreo,Kebab,French Fries
Ice Cappucino,Ice Choco Oreo,Ice Choco Late,Blue Ocean
Ice Tea,Ice Cappucino,Ice Choco Late,Hot Cappucino,French Fries
Ice Tea,Hot Espresso Single Shoot,Hot Choco Latte,Tahu Crispy,French Fries
Ice Coffee Latte
Ice Tea,Tahu Crispy
Lemon Tea,Ice Tea,Ice Cappucino,Ice Coffee Latte,Ice Choco Late,Hot Espresso Double Shoot,French Fries
Ice Tea,Ice Robusta,Hot Coffee Latte
Ice Cappucino,Ice Choco Late,Empek-empek Lengkap
Teh Tarik,Ice Robusta,Hot Robusta,Hot Espresso Single Shoot,Pisang Coklat Keju,Singkong Keju,Tahu Crispy,Sausage Omelette,
Teh Tarik,Ice Tea,Ice Robusta,Hot Choco Latte,Onion Ring,French Fries
Ice Cappucino
Ice Arabica,Ice Coffee Latte,Hot Coffee Latte,Pisang Coklat Keju
Ice Choco Oreo,Ice Choco Delight,Hot Kopi Susu G. Aren,Jamur Crispy,Empek-empek Lengkap
Matcha Tea,Ice Tea,Ice Choco Oreo,Donat,French Fries
Teh Tarik,Ice Choco Oreo,Hot Arabica,French Fries
Lemon Tea,Ice Choco Delight,Kebab,French Fries
Dreamland,Hot Espresso Single Shoot
Ice Tea,Ice Choco Delight,Hot Robusta,Hot Vietnam Drip,Donat,Singkong Keju,Rujak Cireng
Thai Tea,Ice Tea,Rujak Cireng
Matcha Tea,Ice Choco Late,French Fries
Ice Tea,Ice Coffee Latte,Donat,French Fries
Matcha Tea,Thai Tea,Ice Tea,Pisang Coklat Keju,Rujak Cireng,Jamur Crispy
Ice Tea,Hot Vietnam Drip,Pisang Coklat Keju
Teh Tarik,Ice Tea
Ice Cappucino,Ice Coffee Latte,Empek-empek
Teh Tarik,Ice Tea,Onion Ring
Ice Tea,Dreamland,French Fries
Ice Coffee Latte,Hot Espresso Double Shoot,Kebab
Matcha Tea,Ice Tea,Ice Choco Delight,Hot Choco Latte,Donat,Pisang Coklat Keju,French Fries
Ice Tea,Ice Coffee Latte,Hot Espresso Double Shoot
Ice Tea,Ice Choco Late,Hot Espresso Single Shoot,Hot Kopi Susu G. Aren
Ice Tea,French Fries
Lemon Tea,Ice Tea,Milky Way,Empek-empek,Empek-empek Lengkap
Ice Tea,Ice Cappucino,Ice Choco Oreo,Jamur Crispy
Ice Choco Delight,Hot Choco Latte,Kebab
Ice Choco Delight,Hot Espresso Single Shoot,French Fries
Majito Viro,Hot Kopi Susu G. Aren,Singkong Keju,Jamur Crispy
Teh Tarik,Ice Tea,Hot Robusta,Kebab,Tahu Crispy
Ice Tea,Ice Arabica,French Fries
Teh Tarik,Ice Tea,Kebab,French Fries
Ice Tea,Ice Robusta,Tahu Crispy,French Fries
Lemon Tea,Ice Tea,Ice Choco Delight,Hot Robusta,Hot Kopi Susu G. Aren,Kebab,French Fries
Ice Choco Oreo,Ice Choco Delight,Hot Coffee Latte,Pisang Coklat Keju,Tahu Crispy
Ice Cappucino,Ice Coffee Latte,Hot Espresso Double Shoot,Pisang Coklat Keju,French Fries
Thai Tea,Teh Tarik,Ice Tea,Ice Choco Oreo,Ice Choco Delight,Hot Espresso Single Shoot,Tahu Crispy
Ice Tea,Ice Choco Oreo,Hot Arabica,Hot Choco Latte,Donat,French Fries,Empek-empek
Teh Tarik,Ice Arabica,Ice Choco Oreo,Majito Viro,French Fries,Sausage Omelette
Teh Tarik,Ice Tea,Ice Cappucino,Ice Choco Late,French Fries
Lemon Tea,Ice Robusta,Donat,Pisang Coklat Keju
Ice Tea,Ice Coffee Latte,Jamur Crispy,Tahu Crispy
Ice Tea,Ice Coffee Latte,Ice Choco Delight
Ice Tea,French Fries
Ice Tea,Donat
Teh Tarik,Ice Tea,Singkong Keju,French Fries
Ice Choco Delight,Hot Espresso Double Shoot,Pisang Coklat Keju,Spaghetti
Lemon Tea,Ice Vietnam Drip,Ice Coffee Latte,Donat
Ice Tea,Milky Way,Singkong Keju,Rujak Cireng
Ice Tea,Ice Choco Oreo,Ice Choco Late,Milky Way,Hot Arabica,Pisang Coklat Keju,French Fries
Ice Tea,Ice Robusta,Jamur Crispy,Sausage Omelette
Matcha Tea,Ice Choco Delight,Hot Kopi Susu G. Aren,Hot Cappucino
Ice Tea,Ice Coffee Latte,Kebab,French Fries
Thai Tea,Ice Tea,Ice Choco Delight,French Fries,Empek-empek
Lemon Tea,Ice Tea,Ice Cappucino,Blue Ocean,French Fries
Ice Tea,Ice Choco Late,Blue Ocean,Sausage Omelette
Ice Coffee Latte,Hot Espresso Single Shoot,Hot Espresso Double Shoot,Pisang Coklat Keju
Ice Tea,Ice Vietnam Drip,Ice Choco Oreo,Hot Espresso Single Shoot,Hot Vietnam Drip,Hot Coffee Latte,Rujak Cireng,Jamur Crispy,French Fries
Ice Vietnam Drip,Pisang Coklat Keju
Ice Tea,Ice Choco Oreo,French Fries
Ice Choco Delight,Ice Choco Late,Hot Espresso Double Shoot
Ice Cappucino,Hot Kopi Susu G. Aren,Hot Coffee Latte,Empek-empek Lengkap
Ice Tea,Ice Cappucino,Hot Kopi Susu G. Aren,Donat
Ice Tea,Ice Cappucino,Ice Choco Oreo
Ice Coffee Latte,Donat
Ice Robusta,Ice Arabica,French Fries
Matcha Tea,Ice Vietnam Drip,Hot Espresso Double Shoot,Donat,Kebab,Sausage Omelette
Teh Tarik,Ice Tea,Hot Coffee Latte
Thai Tea,Hot Choco Latte,Kebab
Lemon Tea,Ice Cappucino,Hot Espresso Single Shoot,French Fries
Matcha Tea
Hot Espresso Double Shoot,French Fries
Ice Tea,Ice Choco Delight,Hot Espresso Single Shoot,Spaghetti
Dreamland,Blue Ocean,Kebab,Rujak Cireng
Hot Vietnam Drip,Empek-empek
Hot Espresso Double Shoot,Hot Kopi Susu G. Aren,French Fries
Lemon Tea,Ice Coffee Latte,Hot Coffee Latte,Jamur Crispy,French Fries
Ice Tea,Ice Arabica,Donat
Ice Choco Late,Hot Cappucino,French Fries
Blue Ocean
Ice Tea,Ice Choco Oreo,Donat,French Fries
Ice Tea,Ice Cappucino,Hot Vietnam Drip,Hot Coffee Latte,Tahu Crispy,French Fries
Ice Choco Late,Blue Ocean,Hot Espresso Single Shoot,Donat
Ice Tea,Ice Choco Late,Spaghetti
Thai Tea,Ice Arabica,Ice Choco Delight,Milky Way,Spaghetti
Teh Tarik,Ice Tea,Donat,Jamur Crispy
Thai Tea,Ice Tea,Ice Coffee Latte,Hot Vietnam Drip,Kebab
Lemon Tea,Hot Espresso Single Shoot,Onion Ring
Teh Tarik,Ice Tea,Kebab,French Fries
Ice Tea,Ice Coffee Latte,Ice Choco Delight
Teh Tarik,Ice Tea,Hot Choco Latte,French Fries
Ice Choco Oreo,Kebab
Ice Tea,Jamur Crispy
Ice Tea,Ice Choco Oreo,Kebab,French Fries
Teh Tarik,Majito Viro,French Fries
Ice Tea,Ice Choco Late,Hot Arabica,Jamur Crispy
Ice Tea,Ice Choco Oreo,Blue Ocean,Pisang Coklat Keju
Thai Tea,Lemon Tea,Ice Tea,Ice Choco Late,Hot Cappucino,French Fries,Empek-empek
Lemon Tea,Ice Tea,Ice Vietnam Drip,Donat,Onion Ring
Ice Cappucino,Ice Choco Oreo,Hot Vietnam Drip,Hot Cappucino,Pisang Coklat Keju
Lemon Tea,Ice Tea,Hot Choco Latte,Empek-empek
Ice Choco Delight,Ice Choco Late,Pisang Coklat Keju,Spaghetti
Teh Tarik,Ice Tea,Ice Coffee Latte,Hot Arabica,Hot Kopi Susu G. Aren,Jamur Crispy
Ice Cappucino,Ice Choco Delight,Hot Cappucino,Hot Coffee Latte,Spaghetti
Matcha Tea,Ice Tea,Ice Robusta,Hot Robusta,Onion Ring,Spaghetti
Teh Tarik,Ice Tea,Ice Choco Oreo,French Fries,Empek-empek Lengkap
Ice Tea,Ice Choco Late,French Fries
Ice Tea,Blue Ocean,Hot Coffee Latte,Pisang Coklat Keju,French Fries
Ice Tea,Ice Robusta,Ice Coffee Latte,Ice Choco Delight,Hot Cappucino,French Fries,Spaghetti
Ice Coffee Latte,Hot Coffee Latte,Donat,French Fries
Ice Tea,Hot Robusta,Hot Arabica,Hot Vietnam Drip
Ice Choco Oreo,Hot Coffee Latte,French Fries
Lemon Tea,Tahu Crispy
Teh Tarik,Ice Choco Late
Thai Tea,Lemon Tea,Ice Coffee Latte
Ice Tea,Ice Choco Oreo,French Fries
Teh Tarik,French Fries
Ice Robusta
Lemon Tea,Ice Tea,Ice Arabica,Ice Cappucino,Ice Choco Oreo,Singkong Keju
Ice Choco Delight,Hot Vietnam Drip,French Fries
Ice Tea,Ice Arabica,Ice Choco Delight,Hot Coffee Latte
Matcha Tea,Ice Robusta,Hot Robusta
Ice Coffee Latte,Ice Choco Late,Hot Cappucino,French Fries
Ice Tea,Ice Choco Late,Hot Robusta,Onion Ring,French Fries
Ice Tea,Majito Viro,Hot Arabica,Hot Kopi Susu G. Aren,Donat,Kebab,Onion Ring
Ice Cappucino,French Fries
Ice Cappucino,Ice Choco Oreo,Kebab
Teh Tarik,Sausage Omelette
Ice Tea,Ice Cappucino,Hot Cappucino,Jamur Crispy
Teh Tarik,Ice Choco Delight,Jamur Crispy,French Fries
Teh Tarik,Lemon Tea,Ice Tea,Majito Viro,Hot Espresso Double Shoot,Jamur Crispy
Lemon Tea,Ice Tea,Majito Viro,French Fries
Ice Coffee Latte,Ice Choco Late,Hot Arabica,French Fries,Sausage Omelette
Teh Tarik,Lemon Tea,Ice Tea,Ice Choco Delight,Hot Kopi Susu G. Aren,Donat,Empek-empek
Matcha Tea,Ice Tea,Milky Way,Hot Espresso Single Shoot,Jamur Crispy,French Fries
Thai Tea,Ice Robusta,Ice Choco Delight,Hot Kopi Susu G. Aren
Teh Tarik,Ice Tea,Hot Espresso Single Shoot,Hot Espresso Double Shoot,Kebab,Jamur Crispy,Tahu Crispy,Sausage Omelette,
Teh Tarik,Ice Tea,Hot Kopi Susu G. Aren,Pisang Coklat Keju
Hot Robusta,Jamur Crispy
Matcha Tea,Donat
Ice Tea,Ice Choco Oreo,Ice Choco Delight
Ice Tea,Ice Choco Late,French Fries
Teh Tarik,Ice Tea,Ice Cappucino,Hot Kopi Susu G. Aren,Jamur Crispy,Empek-empek
Matcha Tea,Ice Tea,Hot Vietnam Drip,Donat,French Fries
Ice Tea,Hot Espresso Double Shoot,Sausage Omelette
Teh Tarik,Hot Robusta,Jamur Crispy,Empek-empek Lengkap
Ice Tea,Ice Arabica,Ice Cappucino
Thai Tea,Ice Choco Late,Jamur Crispy
Ice Coffee Latte,French Fries
Teh Tarik,Kebab
Matcha Tea,Ice Tea,Ice Choco Delight,Milky Way,Kebab,Tahu Crispy,Onion Ring,French Fries
Ice Tea,Hot Cappucino,Hot Coffee Latte,French Fries
Milky Way,French Fries
Matcha Tea,Ice Cappucino,Donat,Empek-empek Lengkap
Ice Cappucino,Blue Ocean,Hot Espresso Single Shoot,Kebab,Rujak Cireng
Ice Tea,Ice Choco Delight
Lemon Tea,Ice Tea,Ice Choco Oreo,Ice Choco Late,Milky Way,French Fries
Ice Cappucino,Ice Coffee Latte,Ice Choco Oreo,Ice Choco Delight,Pisang Coklat Keju,Onion Ring
Lemon Tea,Hot Kopi Susu G. Aren,Kebab,Pisang Coklat Keju
Teh Tarik,Ice Arabica,Ice Vietnam Drip,Ice Cappucino,Ice Choco Delight,Hot Arabica,French Fries
Ice Tea,Ice Choco Late,Hot Kopi Susu G. Aren,Singkong Keju,French Fries
Lemon Tea,Ice Tea,Hot Arabica,Tahu Crispy
Ice Choco Late,Hot Cappucino,Kebab,French Fries
Ice Tea,Hot Espresso Double Shoot,Tahu Crispy
Teh Tarik,Ice Tea,Hot Vietnam Drip,Hot Coffee Latte,Spaghetti
Ice Tea,Ice Coffee Latte,Hot Arabica,Jamur Crispy
